Task name,Property,Assignee,Completed on,Delay,Due,Parent-task,Priority,Project,Sub-tasks,Tags
Write research report,Not Started,Ben Lang,,,"May 22, 2024",,High,,,Research
Create product demo video,Done,Nate Martins,"May 1, 2024",2,"April 29, 2024",,High,,,
Define target audience,Done,Sohrab Amin,"May 1, 2024",14,"April 17, 2024",,Low,,Untitled (https://www.notion.so/5d11d9fd7de5484e857817663cc5fd19?pvs=21),"Improvement, Marketing"
CONNECT WITH SERVERLESS (NEON),Done,Win Pear,,,"March 4, 2026 → May 30, 2026",,Medium,BE (PROJECT%20BOOKSTORE%20MANAGEMENT/BOOKSTORE%20MANAGEMENT%20PROJECT/BE%20319066011123807380d2d5ce89386cad.md),,"App, Database"
CREATE DATABASE,Done,Huỳnh Gia Thịnh,,,"March 4, 2026 → March 9, 2026",,High,BE (PROJECT%20BOOKSTORE%20MANAGEMENT/BOOKSTORE%20MANAGEMENT%20PROJECT/BE%20319066011123807380d2d5ce89386cad.md),,"App, Database"
Monitor launch performance,In Progress,Ben Lang,"May 21, 2024",12,"May 9, 2024",,High,,,Metrics
Interpret findings,In Progress,Nate Martins,,,"May 19, 2024",,Medium,,,Research
Create performance marketing plan,Not Started,Nate Martins,,,"May 2, 2023",Develop advertising plan (PROJECT%20BOOKSTORE%20MANAGEMENT/Tasks/Develop%20advertising%20plan%2031906601112381f6a5d9e38905be2bb8.md),Medium,,,"Improvement, Marketing"
Create product positioning,Done,Sohrab Amin,"May 3, 2024",2,"May 1, 2024",,High,,,Branding
Conduct interviews,In Progress,Sohrab Amin,,,"May 12, 2024",,High,,,Research
FEATURE: Filter Books (book),Done,Đơn Thuần,,,"March 31, 2026 → April 10, 2026",FEATURE: Book page (PROJECT%20BOOKSTORE%20MANAGEMENT/Tasks/FEATURE%20Book%20page%2031e066011123808eb579f40e2ed5f3b9.md),High,FE (PROJECT%20BOOKSTORE%20MANAGEMENT/BOOKSTORE%20MANAGEMENT%20PROJECT/FE%203190660111238173bacecef41942d651.md),"Design Search bar (track name, author, categories, ….) (PROJECT%20BOOKSTORE%20MANAGEMENT/Tasks/Design%20Search%20bar%20(track%20name,%20author,%20categories,%2031e066011123808bb86efa13cb4b6b3c.md), Advanced filter (Choose category, filter by prices …) (PROJECT%20BOOKSTORE%20MANAGEMENT/Tasks/Advanced%20filter%20(Choose%20category,%20filter%20by%20prices%2031e0660111238099bd21ca03517c34db.md), Connect with API backend to transmit params (PROJECT%20BOOKSTORE%20MANAGEMENT/Tasks/Connect%20with%20API%20backend%20to%20transmit%20params%2031e0660111238008a350d6d7763abf1f.md)",App
Develop survey questions,Done,Sohrab Amin,"April 28, 2024",7,"April 21, 2024",,Medium,,,Research
FEATURE: Authentication (Login/ Sign in),Done,Win Pear,,,"March 4, 2026 → March 30, 2026",,High,FE (PROJECT%20BOOKSTORE%20MANAGEMENT/BOOKSTORE%20MANAGEMENT%20PROJECT/FE%203190660111238173bacecef41942d651.md),"Design Layout Login (PROJECT%20BOOKSTORE%20MANAGEMENT/Tasks/Design%20Layout%20Login%2031e066011123804da26cfe2e96f67622.md), Handle validation logic (Check null, email format, password length) (PROJECT%20BOOKSTORE%20MANAGEMENT/Tasks/Handle%20validation%20logic%20(Check%20null,%20email%20format,%2031e06601112380119db5c3a784c8e11a.md), Call API Login, receive and save JWT Token (PROJECT%20BOOKSTORE%20MANAGEMENT/Tasks/Call%20API%20Login,%20receive%20and%20save%20JWT%20Token%2031e066011123804d9b0fded466789aba.md), Handle Navigation to Main Window after Login Succesfully (PROJECT%20BOOKSTORE%20MANAGEMENT/Tasks/Handle%20Navigation%20to%20Main%20Window%20after%20Login%20Succe%2031e06601112380ceb8a1fbc4b0f20d5c.md), Implement the forgot password feature (PROJECT%20BOOKSTORE%20MANAGEMENT/Tasks/Implement%20the%20forgot%20password%20feature%2031e0660111238096a805e83021970531.md), Implement the ‘Remember Me’ feature (PROJECT%20BOOKSTORE%20MANAGEMENT/Tasks/Implement%20the%20%E2%80%98Remember%20Me%E2%80%99%20feature%2031e06601112380ed9e88ed3f567b3640.md)",Design
Create social media plan,Not Started,Nate Martins,,,"May 2, 2023",Develop advertising plan (PROJECT%20BOOKSTORE%20MANAGEMENT/Tasks/Develop%20advertising%20plan%2031906601112381f6a5d9e38905be2bb8.md),Medium,,,"Improvement, Marketing"
Develop new creative assets,Done,Sohrab Amin,"April 17, 2024",2,"April 15, 2024",,High,,,"Branding, Improvement, Marketing"
Report on marketing ROI,In Progress,Ben Lang,,,"May 5, 2024",,Medium,,,"Improvement, Marketing"
Develop advertising plan,Done,Nate Martins,"April 16, 2024",3,"April 13, 2024",,Medium,,"Create social media plan (PROJECT%20BOOKSTORE%20MANAGEMENT/Tasks/Create%20social%20media%20plan%2031906601112381439084c3895f3ce4e9.md), Create performance marketing plan (PROJECT%20BOOKSTORE%20MANAGEMENT/Tasks/Create%20performance%20marketing%20plan%20319066011123811fa5dac69f604d30fd.md)","Improvement, Marketing"
FEATURE: Book Sale Invoice,Done,Trung Lê Hữu,,,"March 31, 2026 → April 10, 2026",,High,FE (PROJECT%20BOOKSTORE%20MANAGEMENT/BOOKSTORE%20MANAGEMENT%20PROJECT/FE%203190660111238173bacecef41942d651.md),"Design UI to make invoice (PROJECT%20BOOKSTORE%20MANAGEMENT/Tasks/Design%20UI%20to%20make%20invoice%2031e06601112380dfa818d7616086c4b8.md), Implement add/delete books in cart, update quantity on hand (PROJECT%20BOOKSTORE%20MANAGEMENT/Tasks/Implement%20add%20delete%20books%20in%20cart,%20update%20quantit%2031e06601112380178d70f8a50665c6a2.md), Calculate the total (Discount, tax,..) (PROJECT%20BOOKSTORE%20MANAGEMENT/Tasks/Calculate%20the%20total%20(Discount,%20tax,%20)%2031e0660111238024b2a5c7c5d696ad46.md), Call API to save invoices to DB (PROJECT%20BOOKSTORE%20MANAGEMENT/Tasks/Call%20API%20to%20save%20invoices%20to%20DB%2031e06601112380f9afedcf3d1bec0f44.md), Design template to print invoice and Export (PDF or bill) (PROJECT%20BOOKSTORE%20MANAGEMENT/Tasks/Design%20template%20to%20print%20invoice%20and%20Export%20(PDF%20o%2031e06601112380889c02d1e111ce8673.md)",Design
FEATURE: Employee management,Done,Trung Lê Hữu,,,"March 31, 2026 → April 10, 2026",,Medium,FE (PROJECT%20BOOKSTORE%20MANAGEMENT/BOOKSTORE%20MANAGEMENT%20PROJECT/FE%203190660111238173bacecef41942d651.md),"Design UI for employee management (PROJECT%20BOOKSTORE%20MANAGEMENT/Tasks/Design%20UI%20for%20employee%20management%2031e0660111238026bcd6d31dec7563ca.md), CRUD for employ  (PROJECT%20BOOKSTORE%20MANAGEMENT/Tasks/CRUD%20for%20employ%2031e06601112380da85e1c162abbdd80b.md), Implement role-based access control on the UI (Ex: Sales staff cannot see the Reports menu,….) (PROJECT%20BOOKSTORE%20MANAGEMENT/Tasks/Implement%20role-based%20access%20control%20on%20the%20UI%20(Ex%20%2031e066011123802aa838efc0fb5c004f.md)",Design
FEATURE: Make Monthly Report,Done,Win Pear,,,"March 31, 2026 → April 10, 2026",,High,FE (PROJECT%20BOOKSTORE%20MANAGEMENT/BOOKSTORE%20MANAGEMENT%20PROJECT/FE%203190660111238173bacecef41942d651.md),"Desing filter to (Month/Year) to review report (PROJECT%20BOOKSTORE%20MANAGEMENT/Tasks/Desing%20filter%20to%20(Month%20Year)%20to%20review%20report%2031e06601112380ff8420c379e1be3d81.md), Intergate Charts (Library) to show revenue (PROJECT%20BOOKSTORE%20MANAGEMENT/Tasks/Intergate%20Charts%20(Library)%20to%20show%20revenue%2031e066011123801584e2da271b09ca10.md), Design for certainly show (inventory report, import report,….) (PROJECT%20BOOKSTORE%20MANAGEMENT/Tasks/Design%20for%20certainly%20show%20(inventory%20report,%20impor%2031e06601112380569ad2fc787d0b45e7.md), Export to Excel or PDF) (PROJECT%20BOOKSTORE%20MANAGEMENT/Tasks/Export%20to%20Excel%20or%20PDF)%2031e066011123809cb819d0ba3b4a91af.md)",Design
FEATURE: CURD for books (Inventory),Done,Đơn Thuần,,,"March 31, 2026 → April 10, 2026",,High,FE (PROJECT%20BOOKSTORE%20MANAGEMENT/BOOKSTORE%20MANAGEMENT%20PROJECT/FE%203190660111238173bacecef41942d651.md),"Design List book (Not book cover) (PROJECT%20BOOKSTORE%20MANAGEMENT/Tasks/Design%20List%20book%20(Not%20book%20cover)%2031e066011123807f9de4f902c33a664c.md), Intergrate API take list books and show (read) (PROJECT%20BOOKSTORE%20MANAGEMENT/Tasks/Intergrate%20API%20take%20list%20books%20and%20show%20(read)%2031e06601112380d6bd68e3f4647a8927.md), Design Form/Dialog Create and call API (PROJECT%20BOOKSTORE%20MANAGEMENT/Tasks/Design%20Form%20Dialog%20Create%20and%20call%20API%2031e06601112380f6be78f525610a1c1e.md), Design Form/Dialog Update book information and call API (PROJECT%20BOOKSTORE%20MANAGEMENT/Tasks/Design%20Form%20Dialog%20Update%20book%20information%20and%20cal%2031e066011123806887e3c6bbc870266d.md), Design Form/Dialog Delete books (PROJECT%20BOOKSTORE%20MANAGEMENT/Tasks/Design%20Form%20Dialog%20Delete%20books%2031e06601112380ebad6dd2137ba9d835.md)",Design
FEATURE: Cash receipt,Done,Trung Lê Hữu,,,"March 31, 2026 → April 10, 2026",,Medium,FE (PROJECT%20BOOKSTORE%20MANAGEMENT/BOOKSTORE%20MANAGEMENT%20PROJECT/FE%203190660111238173bacecef41942d651.md),"Design payment format (choose customer, CreateDate,…) (PROJECT%20BOOKSTORE%20MANAGEMENT/Tasks/Design%20payment%20format%20(choose%20customer,%20CreateDate%2031e066011123805ca254cf693bc23f30.md), Check logic (for Loan followed by regulations) (PROJECT%20BOOKSTORE%20MANAGEMENT/Tasks/Check%20logic%20(for%20Loan%20followed%20by%20regulations)%2031e06601112380cca714f70dca1a15af.md), Call API to save payments (PROJECT%20BOOKSTORE%20MANAGEMENT/Tasks/Call%20API%20to%20save%20payments%2031e066011123802bb7d5ddf2d0a9776e.md), Print invoice and Export payment (PROJECT%20BOOKSTORE%20MANAGEMENT/Tasks/Print%20invoice%20and%20Export%20payment%2031e06601112380e49b0dc913d6dbbbef.md)",Design
FEATURE: Main Layout & Navigation,Done,Đơn Thuần,,,"March 4, 2026 → March 30, 2026",,High,FE (PROJECT%20BOOKSTORE%20MANAGEMENT/BOOKSTORE%20MANAGEMENT%20PROJECT/FE%203190660111238173bacecef41942d651.md),"Design Main Window layout (PROJECT%20BOOKSTORE%20MANAGEMENT/Tasks/Design%20Main%20Window%20layout%2031e066011123803cbde9e1aeafe1fc60.md), Make Slide bar and Top Navigation  (PROJECT%20BOOKSTORE%20MANAGEMENT/Tasks/Make%20Slide%20bar%20and%20Top%20Navigation%2031e066011123807cb8dfd26b5077bb7f.md), Set up Frame or Content Control for sub-page (PROJECT%20BOOKSTORE%20MANAGEMENT/Tasks/Set%20up%20Frame%20or%20Content%20Control%20for%20sub-page%2031e0660111238009906cf0a90ee40ba7.md), Write Navigation between page (PROJECT%20BOOKSTORE%20MANAGEMENT/Tasks/Write%20Navigation%20between%20page%2031e0660111238071b1f3d970155bf9f4.md)",Design
API Intergration Services,Done,Win Pear,,,"March 4, 2026 → June 5, 2026",,High,FE (PROJECT%20BOOKSTORE%20MANAGEMENT/BOOKSTORE%20MANAGEMENT%20PROJECT/FE%203190660111238173bacecef41942d651.md),"Set up HttpCLient with Base URL (PROJECT%20BOOKSTORE%20MANAGEMENT/Tasks/Set%20up%20HttpCLient%20with%20Base%20URL%2031e06601112380afa04bdaffb56a3e91.md), Attach the JWT token to the request header that require authentication (PROJECT%20BOOKSTORE%20MANAGEMENT/Tasks/Attach%20the%20JWT%20token%20to%20the%20request%20header%20that%20re%2031e06601112380338009e9a98c5507d5.md), Handle common HTTP errors and display notifications (PROJECT%20BOOKSTORE%20MANAGEMENT/Tasks/Handle%20common%20HTTP%20errors%20and%20display%20notification%2031e066011123802d8147d3a31eaa48bb.md), Create certain Service Class contains function call API (PROJECT%20BOOKSTORE%20MANAGEMENT/Tasks/Create%20certain%20Service%20Class%20contains%20function%20cal%2031e06601112380dbaa8fd7d127988c24.md)",App
Set up HttpCLient with Base URL,Done,Win Pear,,,"March 4, 2026 → May 30, 2026",API Intergration Services (PROJECT%20BOOKSTORE%20MANAGEMENT/Tasks/API%20Intergration%20Services%20319066011123809ea552c2208d2b3232.md),High,FE (PROJECT%20BOOKSTORE%20MANAGEMENT/BOOKSTORE%20MANAGEMENT%20PROJECT/FE%203190660111238173bacecef41942d651.md),,"App, Database"
Attach the JWT token to the request header that require authentication,Done,Win Pear,,,"March 4, 2026 → May 30, 2026",API Intergration Services (PROJECT%20BOOKSTORE%20MANAGEMENT/Tasks/API%20Intergration%20Services%20319066011123809ea552c2208d2b3232.md),High,FE (PROJECT%20BOOKSTORE%20MANAGEMENT/BOOKSTORE%20MANAGEMENT%20PROJECT/FE%203190660111238173bacecef41942d651.md),,"App, Database"
Handle common HTTP errors and display notifications,Done,Win Pear,,,"March 4, 2026 → May 30, 2026",API Intergration Services (PROJECT%20BOOKSTORE%20MANAGEMENT/Tasks/API%20Intergration%20Services%20319066011123809ea552c2208d2b3232.md),High,FE (PROJECT%20BOOKSTORE%20MANAGEMENT/BOOKSTORE%20MANAGEMENT%20PROJECT/FE%203190660111238173bacecef41942d651.md),,"App, Database"
Create certain Service Class contains function call API,Done,Win Pear,,,"March 4, 2026 → May 30, 2026",API Intergration Services (PROJECT%20BOOKSTORE%20MANAGEMENT/Tasks/API%20Intergration%20Services%20319066011123809ea552c2208d2b3232.md),High,FE (PROJECT%20BOOKSTORE%20MANAGEMENT/BOOKSTORE%20MANAGEMENT%20PROJECT/FE%203190660111238173bacecef41942d651.md),,"App, Database"
Design Layout Login,Done,Win Pear,,,"March 4, 2026 → May 30, 2026",FEATURE: Authentication (Login/ Sign in) (PROJECT%20BOOKSTORE%20MANAGEMENT/Tasks/FEATURE%20Authentication%20(Login%20Sign%20in)%2031906601112381cbb0e3e9ad1ef7b502.md),High,FE (PROJECT%20BOOKSTORE%20MANAGEMENT/BOOKSTORE%20MANAGEMENT%20PROJECT/FE%203190660111238173bacecef41942d651.md),,App
"Handle validation logic (Check null, email format, password length)",Done,Win Pear,,,"March 4, 2026 → May 30, 2026",FEATURE: Authentication (Login/ Sign in) (PROJECT%20BOOKSTORE%20MANAGEMENT/Tasks/FEATURE%20Authentication%20(Login%20Sign%20in)%2031906601112381cbb0e3e9ad1ef7b502.md),High,FE (PROJECT%20BOOKSTORE%20MANAGEMENT/BOOKSTORE%20MANAGEMENT%20PROJECT/FE%203190660111238173bacecef41942d651.md),,App
"Call API Login, receive and save JWT Token",Done,Win Pear,,,"March 4, 2026 → May 30, 2026",FEATURE: Authentication (Login/ Sign in) (PROJECT%20BOOKSTORE%20MANAGEMENT/Tasks/FEATURE%20Authentication%20(Login%20Sign%20in)%2031906601112381cbb0e3e9ad1ef7b502.md),High,FE (PROJECT%20BOOKSTORE%20MANAGEMENT/BOOKSTORE%20MANAGEMENT%20PROJECT/FE%203190660111238173bacecef41942d651.md),,App
Handle Navigation to Main Window after Login Succesfully,Done,Win Pear,,,"March 4, 2026 → May 30, 2026",FEATURE: Authentication (Login/ Sign in) (PROJECT%20BOOKSTORE%20MANAGEMENT/Tasks/FEATURE%20Authentication%20(Login%20Sign%20in)%2031906601112381cbb0e3e9ad1ef7b502.md),High,FE (PROJECT%20BOOKSTORE%20MANAGEMENT/BOOKSTORE%20MANAGEMENT%20PROJECT/FE%203190660111238173bacecef41942d651.md),,App
Implement the forgot password feature,Done,Win Pear,,,"March 4, 2026 → May 30, 2026",FEATURE: Authentication (Login/ Sign in) (PROJECT%20BOOKSTORE%20MANAGEMENT/Tasks/FEATURE%20Authentication%20(Login%20Sign%20in)%2031906601112381cbb0e3e9ad1ef7b502.md),Medium,FE (PROJECT%20BOOKSTORE%20MANAGEMENT/BOOKSTORE%20MANAGEMENT%20PROJECT/FE%203190660111238173bacecef41942d651.md),,App
Implement the ‘Remember Me’ feature,Done,Win Pear,,,"March 4, 2026 → May 30, 2026",FEATURE: Authentication (Login/ Sign in) (PROJECT%20BOOKSTORE%20MANAGEMENT/Tasks/FEATURE%20Authentication%20(Login%20Sign%20in)%2031906601112381cbb0e3e9ad1ef7b502.md),Medium,FE (PROJECT%20BOOKSTORE%20MANAGEMENT/BOOKSTORE%20MANAGEMENT%20PROJECT/FE%203190660111238173bacecef41942d651.md),,App
Design Main Window layout,Done,Đơn Thuần,,,"March 4, 2026 → May 30, 2026",FEATURE: Main Layout & Navigation (PROJECT%20BOOKSTORE%20MANAGEMENT/Tasks/FEATURE%20Main%20Layout%20&%20Navigation%203190660111238045af40d38da8356df1.md),High,FE (PROJECT%20BOOKSTORE%20MANAGEMENT/BOOKSTORE%20MANAGEMENT%20PROJECT/FE%203190660111238173bacecef41942d651.md),,App
"Make Slide bar and Top Navigation ",Done,Đơn Thuần,,,"March 4, 2026 → May 30, 2026",FEATURE: Main Layout & Navigation (PROJECT%20BOOKSTORE%20MANAGEMENT/Tasks/FEATURE%20Main%20Layout%20&%20Navigation%203190660111238045af40d38da8356df1.md),High,FE (PROJECT%20BOOKSTORE%20MANAGEMENT/BOOKSTORE%20MANAGEMENT%20PROJECT/FE%203190660111238173bacecef41942d651.md),,App
Set up Frame or Content Control for sub-page,Done,Đơn Thuần,,,"March 4, 2026 → May 30, 2026",FEATURE: Main Layout & Navigation (PROJECT%20BOOKSTORE%20MANAGEMENT/Tasks/FEATURE%20Main%20Layout%20&%20Navigation%203190660111238045af40d38da8356df1.md),High,FE (PROJECT%20BOOKSTORE%20MANAGEMENT/BOOKSTORE%20MANAGEMENT%20PROJECT/FE%203190660111238173bacecef41942d651.md),,App
Write Navigation between page,Done,Đơn Thuần,,,"March 4, 2026 → May 30, 2026",FEATURE: Main Layout & Navigation (PROJECT%20BOOKSTORE%20MANAGEMENT/Tasks/FEATURE%20Main%20Layout%20&%20Navigation%203190660111238045af40d38da8356df1.md),High,FE (PROJECT%20BOOKSTORE%20MANAGEMENT/BOOKSTORE%20MANAGEMENT%20PROJECT/FE%203190660111238173bacecef41942d651.md),,App
Design List book (Not book cover),Done,Đơn Thuần,,,"March 4, 2026 → May 30, 2026",FEATURE: CURD for books (Inventory) (PROJECT%20BOOKSTORE%20MANAGEMENT/Tasks/FEATURE%20CURD%20for%20books%20(Inventory)%2031906601112380c9afebf41febd7ddf9.md),High,FE (PROJECT%20BOOKSTORE%20MANAGEMENT/BOOKSTORE%20MANAGEMENT%20PROJECT/FE%203190660111238173bacecef41942d651.md),,App
Intergrate API take list books and show (read),Done,Đơn Thuần,,,"March 4, 2026 → May 30, 2026",FEATURE: CURD for books (Inventory) (PROJECT%20BOOKSTORE%20MANAGEMENT/Tasks/FEATURE%20CURD%20for%20books%20(Inventory)%2031906601112380c9afebf41febd7ddf9.md),High,FE (PROJECT%20BOOKSTORE%20MANAGEMENT/BOOKSTORE%20MANAGEMENT%20PROJECT/FE%203190660111238173bacecef41942d651.md),,App
Design Form/Dialog Create and call API,Done,Đơn Thuần,,,"March 4, 2026 → May 30, 2026",FEATURE: CURD for books (Inventory) (PROJECT%20BOOKSTORE%20MANAGEMENT/Tasks/FEATURE%20CURD%20for%20books%20(Inventory)%2031906601112380c9afebf41febd7ddf9.md),High,FE (PROJECT%20BOOKSTORE%20MANAGEMENT/BOOKSTORE%20MANAGEMENT%20PROJECT/FE%203190660111238173bacecef41942d651.md),,App
Design Form/Dialog Update book information and call API,Done,Đơn Thuần,,,"March 4, 2026 → May 30, 2026",FEATURE: CURD for books (Inventory) (PROJECT%20BOOKSTORE%20MANAGEMENT/Tasks/FEATURE%20CURD%20for%20books%20(Inventory)%2031906601112380c9afebf41febd7ddf9.md),High,FE (PROJECT%20BOOKSTORE%20MANAGEMENT/BOOKSTORE%20MANAGEMENT%20PROJECT/FE%203190660111238173bacecef41942d651.md),,App
Design Form/Dialog Delete books,Done,Đơn Thuần,,,"March 4, 2026 → May 30, 2026",FEATURE: CURD for books (Inventory) (PROJECT%20BOOKSTORE%20MANAGEMENT/Tasks/FEATURE%20CURD%20for%20books%20(Inventory)%2031906601112380c9afebf41febd7ddf9.md),High,FE (PROJECT%20BOOKSTORE%20MANAGEMENT/BOOKSTORE%20MANAGEMENT%20PROJECT/FE%203190660111238173bacecef41942d651.md),,App
"Design Search bar (track name, author, categories, ….)",Not Started,Đơn Thuần,,,"March 4, 2026 → May 30, 2026",FEATURE: Filter Books (book) (PROJECT%20BOOKSTORE%20MANAGEMENT/Tasks/FEATURE%20Filter%20Books%20(book)%203190660111238156be24e3bb571165a2.md),High,FE (PROJECT%20BOOKSTORE%20MANAGEMENT/BOOKSTORE%20MANAGEMENT%20PROJECT/FE%203190660111238173bacecef41942d651.md),,App
"Advanced filter (Choose category, filter by prices …)",Not Started,Đơn Thuần,,,"March 4, 2026 → May 30, 2026",FEATURE: Filter Books (book) (PROJECT%20BOOKSTORE%20MANAGEMENT/Tasks/FEATURE%20Filter%20Books%20(book)%203190660111238156be24e3bb571165a2.md),High,FE (PROJECT%20BOOKSTORE%20MANAGEMENT/BOOKSTORE%20MANAGEMENT%20PROJECT/FE%203190660111238173bacecef41942d651.md),,App
Connect with API backend to transmit params,Not Started,Đơn Thuần,,,"March 4, 2026 → May 30, 2026",FEATURE: Filter Books (book) (PROJECT%20BOOKSTORE%20MANAGEMENT/Tasks/FEATURE%20Filter%20Books%20(book)%203190660111238156be24e3bb571165a2.md),High,FE (PROJECT%20BOOKSTORE%20MANAGEMENT/BOOKSTORE%20MANAGEMENT%20PROJECT/FE%203190660111238173bacecef41942d651.md),,App
FEATURE: Book page,Done,Đơn Thuần,,,"March 31, 2026 → April 10, 2026",,High,FE (PROJECT%20BOOKSTORE%20MANAGEMENT/BOOKSTORE%20MANAGEMENT%20PROJECT/FE%203190660111238173bacecef41942d651.md),"FEATURE: Filter Books (book) (PROJECT%20BOOKSTORE%20MANAGEMENT/Tasks/FEATURE%20Filter%20Books%20(book)%203190660111238156be24e3bb571165a2.md), Handle add to cart (for sale) (PROJECT%20BOOKSTORE%20MANAGEMENT/Tasks/Handle%20add%20to%20cart%20(for%20sale)%2031e06601112380e480facff10edd68bf.md)",Design
Handle add to cart (for sale),Done,Đơn Thuần,,,"March 31, 2026 → April 10, 2026",FEATURE: Book page (PROJECT%20BOOKSTORE%20MANAGEMENT/Tasks/FEATURE%20Book%20page%2031e066011123808eb579f40e2ed5f3b9.md),High,FE (PROJECT%20BOOKSTORE%20MANAGEMENT/BOOKSTORE%20MANAGEMENT%20PROJECT/FE%203190660111238173bacecef41942d651.md),,"App, Design"
Design UI to make invoice,Done,Trung Lê Hữu,,,"March 31, 2026 → April 10, 2026",FEATURE: Book Sale Invoice (PROJECT%20BOOKSTORE%20MANAGEMENT/Tasks/FEATURE%20Book%20Sale%20Invoice%203190660111238005bafac05ecb900582.md),High,FE (PROJECT%20BOOKSTORE%20MANAGEMENT/BOOKSTORE%20MANAGEMENT%20PROJECT/FE%203190660111238173bacecef41942d651.md),,App
"Implement add/delete books in cart, update quantity on hand",Done,Trung Lê Hữu,,,"March 31, 2026 → April 10, 2026",FEATURE: Book Sale Invoice (PROJECT%20BOOKSTORE%20MANAGEMENT/Tasks/FEATURE%20Book%20Sale%20Invoice%203190660111238005bafac05ecb900582.md),High,FE (PROJECT%20BOOKSTORE%20MANAGEMENT/BOOKSTORE%20MANAGEMENT%20PROJECT/FE%203190660111238173bacecef41942d651.md),,App
"Calculate the total (Discount, tax,..)",Done,Trung Lê Hữu,,,"March 4, 2026 → May 30, 2026",FEATURE: Book Sale Invoice (PROJECT%20BOOKSTORE%20MANAGEMENT/Tasks/FEATURE%20Book%20Sale%20Invoice%203190660111238005bafac05ecb900582.md),High,FE (PROJECT%20BOOKSTORE%20MANAGEMENT/BOOKSTORE%20MANAGEMENT%20PROJECT/FE%203190660111238173bacecef41942d651.md),,App
Call API to save invoices to DB,Done,Trung Lê Hữu,,,"March 4, 2026 → May 30, 2026",FEATURE: Book Sale Invoice (PROJECT%20BOOKSTORE%20MANAGEMENT/Tasks/FEATURE%20Book%20Sale%20Invoice%203190660111238005bafac05ecb900582.md),High,FE (PROJECT%20BOOKSTORE%20MANAGEMENT/BOOKSTORE%20MANAGEMENT%20PROJECT/FE%203190660111238173bacecef41942d651.md),,App
Design template to print invoice and Export (PDF or bill),Done,Trung Lê Hữu,,,"March 4, 2026 → May 30, 2026",FEATURE: Book Sale Invoice (PROJECT%20BOOKSTORE%20MANAGEMENT/Tasks/FEATURE%20Book%20Sale%20Invoice%203190660111238005bafac05ecb900582.md),High,FE (PROJECT%20BOOKSTORE%20MANAGEMENT/BOOKSTORE%20MANAGEMENT%20PROJECT/FE%203190660111238173bacecef41942d651.md),,App
"Design payment format (choose customer, CreateDate,…)",Done,Trung Lê Hữu,,,"March 4, 2026 → May 30, 2026",FEATURE: Cash receipt (PROJECT%20BOOKSTORE%20MANAGEMENT/Tasks/FEATURE%20Cash%20receipt%20319066011123804e889ff8c79f670cd8.md),Medium,FE (PROJECT%20BOOKSTORE%20MANAGEMENT/BOOKSTORE%20MANAGEMENT%20PROJECT/FE%203190660111238173bacecef41942d651.md),,App
Check logic (for Loan followed by regulations),Done,Trung Lê Hữu,,,"March 4, 2026 → May 30, 2026",FEATURE: Cash receipt (PROJECT%20BOOKSTORE%20MANAGEMENT/Tasks/FEATURE%20Cash%20receipt%20319066011123804e889ff8c79f670cd8.md),Medium,FE (PROJECT%20BOOKSTORE%20MANAGEMENT/BOOKSTORE%20MANAGEMENT%20PROJECT/FE%203190660111238173bacecef41942d651.md),,App
Call API to save payments,Done,Trung Lê Hữu,,,"March 4, 2026 → May 30, 2026",FEATURE: Cash receipt (PROJECT%20BOOKSTORE%20MANAGEMENT/Tasks/FEATURE%20Cash%20receipt%20319066011123804e889ff8c79f670cd8.md),Medium,FE (PROJECT%20BOOKSTORE%20MANAGEMENT/BOOKSTORE%20MANAGEMENT%20PROJECT/FE%203190660111238173bacecef41942d651.md),,App
Print invoice and Export payment,Done,Trung Lê Hữu,,,"March 4, 2026 → May 30, 2026",FEATURE: Cash receipt (PROJECT%20BOOKSTORE%20MANAGEMENT/Tasks/FEATURE%20Cash%20receipt%20319066011123804e889ff8c79f670cd8.md),Low,FE (PROJECT%20BOOKSTORE%20MANAGEMENT/BOOKSTORE%20MANAGEMENT%20PROJECT/FE%203190660111238173bacecef41942d651.md),,App
Design UI for employee management,Done,Trung Lê Hữu,,,"March 4, 2026 → May 30, 2026",FEATURE: Employee management (PROJECT%20BOOKSTORE%20MANAGEMENT/Tasks/FEATURE%20Employee%20management%20319066011123801e97b9e7f975ae7310.md),High,FE (PROJECT%20BOOKSTORE%20MANAGEMENT/BOOKSTORE%20MANAGEMENT%20PROJECT/FE%203190660111238173bacecef41942d651.md),,App
"CRUD for employ ",Done,Trung Lê Hữu,,,"March 4, 2026 → May 30, 2026",FEATURE: Employee management (PROJECT%20BOOKSTORE%20MANAGEMENT/Tasks/FEATURE%20Employee%20management%20319066011123801e97b9e7f975ae7310.md),High,FE (PROJECT%20BOOKSTORE%20MANAGEMENT/BOOKSTORE%20MANAGEMENT%20PROJECT/FE%203190660111238173bacecef41942d651.md),,App
"Implement role-based access control on the UI (Ex: Sales staff cannot see the Reports menu,….)",Done,Trung Lê Hữu,,,"March 4, 2026 → May 30, 2026",FEATURE: Employee management (PROJECT%20BOOKSTORE%20MANAGEMENT/Tasks/FEATURE%20Employee%20management%20319066011123801e97b9e7f975ae7310.md),Medium,FE (PROJECT%20BOOKSTORE%20MANAGEMENT/BOOKSTORE%20MANAGEMENT%20PROJECT/FE%203190660111238173bacecef41942d651.md),,App
Desing filter to (Month/Year) to review report,Done,Win Pear,,,"March 4, 2026 → May 30, 2026",FEATURE: Make Monthly Report (PROJECT%20BOOKSTORE%20MANAGEMENT/Tasks/FEATURE%20Make%20Monthly%20Report%2031906601112380b6bbc4e0f154f5e5b1.md),Low,FE (PROJECT%20BOOKSTORE%20MANAGEMENT/BOOKSTORE%20MANAGEMENT%20PROJECT/FE%203190660111238173bacecef41942d651.md),,App
Intergate Charts (Library) to show revenue,Done,Win Pear,,,"March 4, 2026 → May 30, 2026",FEATURE: Make Monthly Report (PROJECT%20BOOKSTORE%20MANAGEMENT/Tasks/FEATURE%20Make%20Monthly%20Report%2031906601112380b6bbc4e0f154f5e5b1.md),Low,FE (PROJECT%20BOOKSTORE%20MANAGEMENT/BOOKSTORE%20MANAGEMENT%20PROJECT/FE%203190660111238173bacecef41942d651.md),,App
"Design for certainly show (inventory report, import report,….)",Done,Win Pear,,,"March 4, 2026 → May 30, 2026",FEATURE: Make Monthly Report (PROJECT%20BOOKSTORE%20MANAGEMENT/Tasks/FEATURE%20Make%20Monthly%20Report%2031906601112380b6bbc4e0f154f5e5b1.md),Low,FE (PROJECT%20BOOKSTORE%20MANAGEMENT/BOOKSTORE%20MANAGEMENT%20PROJECT/FE%203190660111238173bacecef41942d651.md),,App
Export to Excel or PDF),Done,Win Pear,,,"March 4, 2026 → May 30, 2026",FEATURE: Make Monthly Report (PROJECT%20BOOKSTORE%20MANAGEMENT/Tasks/FEATURE%20Make%20Monthly%20Report%2031906601112380b6bbc4e0f154f5e5b1.md),Low,FE (PROJECT%20BOOKSTORE%20MANAGEMENT/BOOKSTORE%20MANAGEMENT%20PROJECT/FE%203190660111238173bacecef41942d651.md),,App
API: Login (JWT Authentication),Done,Trương Tiến,,,"March 4, 2026 → March 30, 2026",,High,BE (PROJECT%20BOOKSTORE%20MANAGEMENT/BOOKSTORE%20MANAGEMENT%20PROJECT/BE%20319066011123807380d2d5ce89386cad.md),,"API, App"
API: Book CRUD,Done,Huỳnh Gia Thịnh,,,"March 31, 2026 → April 10, 2026",,High,BE (PROJECT%20BOOKSTORE%20MANAGEMENT/BOOKSTORE%20MANAGEMENT%20PROJECT/BE%20319066011123807380d2d5ce89386cad.md),"API: Author CRUD (PROJECT%20BOOKSTORE%20MANAGEMENT/Tasks/API%20Author%20CRUD%2032d06601112380298eecf608b2a8626f.md), API: Book Category CRUD (PROJECT%20BOOKSTORE%20MANAGEMENT/Tasks/API%20Book%20Category%20CRUD%2032d066011123802985f0f7dc771428a9.md)","API, App"
API: Book Sale Invoice,Done,Trương Tiến,,,"March 31, 2026 → April 10, 2026",,High,BE (PROJECT%20BOOKSTORE%20MANAGEMENT/BOOKSTORE%20MANAGEMENT%20PROJECT/BE%20319066011123807380d2d5ce89386cad.md),"API: Book Sale Payment (PROJECT%20BOOKSTORE%20MANAGEMENT/Tasks/API%20Book%20Sale%20Payment%2032d066011123800986e3e0dcee0829a7.md), API: Voucher Terms & Conditions (PROJECT%20BOOKSTORE%20MANAGEMENT/Tasks/API%20Voucher%20Terms%20&%20Conditions%2032d06601112380d88a8dfa5d8a44a5b4.md)","API, App"
API: Author CRUD,Done,Huỳnh Gia Thịnh,,,"March 23, 2026 → May 30, 2026",API: Book CRUD (PROJECT%20BOOKSTORE%20MANAGEMENT/Tasks/API%20Book%20CRUD%2031e066011123801989aae79c2a640420.md),High,BE (PROJECT%20BOOKSTORE%20MANAGEMENT/BOOKSTORE%20MANAGEMENT%20PROJECT/BE%20319066011123807380d2d5ce89386cad.md),,"API, App"
API: Book Category CRUD,Done,Huỳnh Gia Thịnh,,,"March 23, 2026 → May 30, 2026",API: Book CRUD (PROJECT%20BOOKSTORE%20MANAGEMENT/Tasks/API%20Book%20CRUD%2031e066011123801989aae79c2a640420.md),High,BE (PROJECT%20BOOKSTORE%20MANAGEMENT/BOOKSTORE%20MANAGEMENT%20PROJECT/BE%20319066011123807380d2d5ce89386cad.md),,"API, App"
API: Employees Management,Done,Trương Tiến,,,"March 31, 2026 → April 10, 2026",,High,BE (PROJECT%20BOOKSTORE%20MANAGEMENT/BOOKSTORE%20MANAGEMENT%20PROJECT/BE%20319066011123807380d2d5ce89386cad.md),"API: Users CRUD (PROJECT%20BOOKSTORE%20MANAGEMENT/Tasks/API%20Users%20CRUD%2032d06601112380e1baafc1ef24be809a.md), API: Shifts Management and Staff Scheduling (PROJECT%20BOOKSTORE%20MANAGEMENT/Tasks/API%20Shifts%20Management%20and%20Staff%20Scheduling%2032d06601112380c28d0deb3dc53463e1.md)","API, App"
API: Users CRUD,Done,Trương Tiến,,,"March 23, 2026 → May 30, 2026",API: Employees Management (PROJECT%20BOOKSTORE%20MANAGEMENT/Tasks/API%20Employees%20Management%2032d06601112380df8a97e426e3a8ed4f.md),High,BE (PROJECT%20BOOKSTORE%20MANAGEMENT/BOOKSTORE%20MANAGEMENT%20PROJECT/BE%20319066011123807380d2d5ce89386cad.md),,"API, App"
API: Book Sale Payment,Done,Trương Tiến,,,"March 31, 2026 → April 10, 2026",API: Book Sale Invoice (PROJECT%20BOOKSTORE%20MANAGEMENT/Tasks/API%20Book%20Sale%20Invoice%2031e066011123808ebba4d393420803f8.md),High,BE (PROJECT%20BOOKSTORE%20MANAGEMENT/BOOKSTORE%20MANAGEMENT%20PROJECT/BE%20319066011123807380d2d5ce89386cad.md),,"API, App"
API: Voucher Terms & Conditions,Done,Trương Tiến,,,"March 31, 2026 → April 10, 2026",API: Book Sale Invoice (PROJECT%20BOOKSTORE%20MANAGEMENT/Tasks/API%20Book%20Sale%20Invoice%2031e066011123808ebba4d393420803f8.md),High,BE (PROJECT%20BOOKSTORE%20MANAGEMENT/BOOKSTORE%20MANAGEMENT%20PROJECT/BE%20319066011123807380d2d5ce89386cad.md),,"API, App"
API: Shifts Management and Staff Scheduling,Done,Trương Tiến,,,"March 23, 2026 → May 30, 2026",API: Employees Management (PROJECT%20BOOKSTORE%20MANAGEMENT/Tasks/API%20Employees%20Management%2032d06601112380df8a97e426e3a8ed4f.md),High,BE (PROJECT%20BOOKSTORE%20MANAGEMENT/BOOKSTORE%20MANAGEMENT%20PROJECT/BE%20319066011123807380d2d5ce89386cad.md),,"API, App"
API: Customer Management,Done,Huỳnh Gia Thịnh,,,"March 31, 2026 → April 10, 2026",,High,BE (PROJECT%20BOOKSTORE%20MANAGEMENT/BOOKSTORE%20MANAGEMENT%20PROJECT/BE%20319066011123807380d2d5ce89386cad.md),"API: Customer CRUD (PROJECT%20BOOKSTORE%20MANAGEMENT/Tasks/API%20Customer%20CRUD%2034806601112380d8a9cbe0470c575240.md), API: Debt Management (PROJECT%20BOOKSTORE%20MANAGEMENT/Tasks/API%20Debt%20Management%203480660111238026b231f902df22a21f.md)","API, App"
API: Customer CRUD,Done,Huỳnh Gia Thịnh,,,"March 31, 2026 → April 10, 2026",API: Customer Management (PROJECT%20BOOKSTORE%20MANAGEMENT/Tasks/API%20Customer%20Management%2034806601112380b984d2de64965d48f1.md),High,BE (PROJECT%20BOOKSTORE%20MANAGEMENT/BOOKSTORE%20MANAGEMENT%20PROJECT/BE%20319066011123807380d2d5ce89386cad.md),,"API, App"
API: Debt Management,Done,Huỳnh Gia Thịnh,,,"March 31, 2026 → April 10, 2026",API: Customer Management (PROJECT%20BOOKSTORE%20MANAGEMENT/Tasks/API%20Customer%20Management%2034806601112380b984d2de64965d48f1.md),High,BE (PROJECT%20BOOKSTORE%20MANAGEMENT/BOOKSTORE%20MANAGEMENT%20PROJECT/BE%20319066011123807380d2d5ce89386cad.md),,"API, App"
API: Report Design,Done,Huỳnh Gia Thịnh,,,"March 31, 2026 → April 10, 2026",,High,BE (PROJECT%20BOOKSTORE%20MANAGEMENT/BOOKSTORE%20MANAGEMENT%20PROJECT/BE%20319066011123807380d2d5ce89386cad.md),"Monthly Report (PROJECT%20BOOKSTORE%20MANAGEMENT/Tasks/Monthly%20Report%20348066011123801b97cfef9b12219acc.md), Inventory Report (PROJECT%20BOOKSTORE%20MANAGEMENT/Tasks/Inventory%20Report%2034806601112380bd8dafc5205a7b2698.md), Import Report (PROJECT%20BOOKSTORE%20MANAGEMENT/Tasks/Import%20Report%2034806601112380019ebcd3ef329dd0e0.md)","API, App"
Monthly Report,Done,Huỳnh Gia Thịnh,,,"March 9, 2026 → May 30, 2026",API: Report Design (PROJECT%20BOOKSTORE%20MANAGEMENT/Tasks/API%20Report%20Design%20348066011123800a903deefc70f9b144.md),High,BE (PROJECT%20BOOKSTORE%20MANAGEMENT/BOOKSTORE%20MANAGEMENT%20PROJECT/BE%20319066011123807380d2d5ce89386cad.md),,"API, App"
Inventory Report,Done,Huỳnh Gia Thịnh,,,"March 9, 2026 → May 30, 2026",API: Report Design (PROJECT%20BOOKSTORE%20MANAGEMENT/Tasks/API%20Report%20Design%20348066011123800a903deefc70f9b144.md),High,BE (PROJECT%20BOOKSTORE%20MANAGEMENT/BOOKSTORE%20MANAGEMENT%20PROJECT/BE%20319066011123807380d2d5ce89386cad.md),,"API, App"
Import Report,Done,Huỳnh Gia Thịnh,,,"March 9, 2026 → May 30, 2026",API: Report Design (PROJECT%20BOOKSTORE%20MANAGEMENT/Tasks/API%20Report%20Design%20348066011123800a903deefc70f9b144.md),High,BE (PROJECT%20BOOKSTORE%20MANAGEMENT/BOOKSTORE%20MANAGEMENT%20PROJECT/BE%20319066011123807380d2d5ce89386cad.md),,"API, App"
FEATURE: Import Book,Done,Đơn Thuần,,,"March 31, 2026 → April 10, 2026",,High,FE (PROJECT%20BOOKSTORE%20MANAGEMENT/BOOKSTORE%20MANAGEMENT%20PROJECT/FE%203190660111238173bacecef41942d651.md),Design import book page (PROJECT%20BOOKSTORE%20MANAGEMENT/Tasks/Design%20import%20book%20page%2037c06601112380e48626c7c8f661f42c.md),Design
FEATURE: Customer Managements,Done,Win Pear,,,"March 31, 2026 → April 10, 2026",,High,FE (PROJECT%20BOOKSTORE%20MANAGEMENT/BOOKSTORE%20MANAGEMENT%20PROJECT/FE%203190660111238173bacecef41942d651.md),"Design page customer Management (PROJECT%20BOOKSTORE%20MANAGEMENT/Tasks/Design%20page%20customer%20Management%2035c06601112380898113f21d201b1f06.md), Call API and write Logic for Add & Edit Customer Infomation (PROJECT%20BOOKSTORE%20MANAGEMENT/Tasks/Call%20API%20and%20write%20Logic%20for%20Add%20&%20Edit%20Customer%20I%2037c06601112380cc8276c69a13b9cacf.md)",Design
Design page customer Management,Done,Win Pear,,,"March 31, 2026 → April 10, 2026",FEATURE: Customer Managements (PROJECT%20BOOKSTORE%20MANAGEMENT/Tasks/FEATURE%20Customer%20Managements%2035c06601112380e3987be15b2c359c04.md),High,FE (PROJECT%20BOOKSTORE%20MANAGEMENT/BOOKSTORE%20MANAGEMENT%20PROJECT/FE%203190660111238173bacecef41942d651.md),,Design
Call API and write Logic for Add & Edit Customer Infomation,Done,Win Pear,,,"March 31, 2026 → April 10, 2026",FEATURE: Customer Managements (PROJECT%20BOOKSTORE%20MANAGEMENT/Tasks/FEATURE%20Customer%20Managements%2035c06601112380e3987be15b2c359c04.md),High,FE (PROJECT%20BOOKSTORE%20MANAGEMENT/BOOKSTORE%20MANAGEMENT%20PROJECT/FE%203190660111238173bacecef41942d651.md),,Design
Design import book page,Done,Đơn Thuần,,,"March 31, 2026 → April 10, 2026",FEATURE: Import Book (PROJECT%20BOOKSTORE%20MANAGEMENT/Tasks/FEATURE%20Import%20Book%2034f066011123804b87d6f1f85462d3d7.md),High,FE (PROJECT%20BOOKSTORE%20MANAGEMENT/BOOKSTORE%20MANAGEMENT%20PROJECT/FE%203190660111238173bacecef41942d651.md),,Design
FEATURE: Shift Schedule Management,Done,Trung Lê Hữu,,,"May 15, 2026 → June 5, 2026",,Low,FE (PROJECT%20BOOKSTORE%20MANAGEMENT/BOOKSTORE%20MANAGEMENT%20PROJECT/FE%203190660111238173bacecef41942d651.md),"Design UI for Shift Schedule Management (PROJECT%20BOOKSTORE%20MANAGEMENT/Tasks/Design%20UI%20for%20Shift%20Schedule%20Management%20da106601112383bc8fde819fb7ad18f6.md), Design Filter by status of shift (PROJECT%20BOOKSTORE%20MANAGEMENT/Tasks/Design%20Filter%20by%20status%20of%20shift%2061f066011123839db0e101433624ee87.md), UI for add employee into shift (PROJECT%20BOOKSTORE%20MANAGEMENT/Tasks/UI%20for%20add%20employee%20into%20shift%20093066011123837fa5dd814ba7612c8b.md)",Design
Design UI for Shift Schedule Management,Done,Trung Lê Hữu,,,"March 4, 2026 → May 30, 2026",FEATURE: Shift Schedule Management (PROJECT%20BOOKSTORE%20MANAGEMENT/Tasks/FEATURE%20Shift%20Schedule%20Management%20922066011123830a953501f3a35ccc2a.md),High,FE (PROJECT%20BOOKSTORE%20MANAGEMENT/BOOKSTORE%20MANAGEMENT%20PROJECT/FE%203190660111238173bacecef41942d651.md),,App
Design Filter by status of shift,Done,Trung Lê Hữu,,,"March 4, 2026 → May 30, 2026",FEATURE: Shift Schedule Management (PROJECT%20BOOKSTORE%20MANAGEMENT/Tasks/FEATURE%20Shift%20Schedule%20Management%20922066011123830a953501f3a35ccc2a.md),High,FE (PROJECT%20BOOKSTORE%20MANAGEMENT/BOOKSTORE%20MANAGEMENT%20PROJECT/FE%203190660111238173bacecef41942d651.md),,App
UI for add employee into shift,Done,Trung Lê Hữu,,,"March 4, 2026 → May 30, 2026",FEATURE: Shift Schedule Management (PROJECT%20BOOKSTORE%20MANAGEMENT/Tasks/FEATURE%20Shift%20Schedule%20Management%20922066011123830a953501f3a35ccc2a.md),Medium,FE (PROJECT%20BOOKSTORE%20MANAGEMENT/BOOKSTORE%20MANAGEMENT%20PROJECT/FE%203190660111238173bacecef41942d651.md),,App
FEATURE: Regulation management,Done,Huỳnh Gia Thịnh,,,"May 15, 2026 → June 5, 2026",,High,FE (PROJECT%20BOOKSTORE%20MANAGEMENT/BOOKSTORE%20MANAGEMENT%20PROJECT/FE%203190660111238173bacecef41942d651.md),"Set up some KEY_WORKS for project need to change (PROJECT%20BOOKSTORE%20MANAGEMENT/Tasks/Set%20up%20some%20KEY_WORKS%20for%20project%20need%20to%20change%2037c0660111238023a71aef56520bef88.md), Call API to set up (PROJECT%20BOOKSTORE%20MANAGEMENT/Tasks/Call%20API%20to%20set%20up%2037c066011123806598f3f151a73b4be3.md), Design basic UI (PROJECT%20BOOKSTORE%20MANAGEMENT/Tasks/Design%20basic%20UI%2037c06601112380d984e1ffb2344a911e.md)",Design
FEATURE Payroll Management,Done,Trung Lê Hữu,,,"May 15, 2026 → June 5, 2026",,Low,FE (PROJECT%20BOOKSTORE%20MANAGEMENT/BOOKSTORE%20MANAGEMENT%20PROJECT/FE%203190660111238173bacecef41942d651.md),"Design UI for Payroll for employee Management (PROJECT%20BOOKSTORE%20MANAGEMENT/Tasks/Design%20UI%20for%20Payroll%20for%20employee%20Management%208730660111238240b57501e774e97209.md), Call api for this feature (PROJECT%20BOOKSTORE%20MANAGEMENT/Tasks/Call%20api%20for%20this%20feature%209ea06601112382edb44781b3dc712947.md)",Design
Design UI for Payroll for employee Management,Done,Trung Lê Hữu,,,"March 4, 2026 → May 30, 2026",FEATURE Payroll Management (PROJECT%20BOOKSTORE%20MANAGEMENT/Tasks/FEATURE%20Payroll%20Management%209290660111238341b220814faebcb118.md),High,FE (PROJECT%20BOOKSTORE%20MANAGEMENT/BOOKSTORE%20MANAGEMENT%20PROJECT/FE%203190660111238173bacecef41942d651.md),,App
Call api for this feature,Done,Trung Lê Hữu,,,"March 4, 2026 → May 30, 2026",FEATURE Payroll Management (PROJECT%20BOOKSTORE%20MANAGEMENT/Tasks/FEATURE%20Payroll%20Management%209290660111238341b220814faebcb118.md),High,FE (PROJECT%20BOOKSTORE%20MANAGEMENT/BOOKSTORE%20MANAGEMENT%20PROJECT/FE%203190660111238173bacecef41942d651.md),,App
FEATURE Absent Management,Done,Trung Lê Hữu,,,"May 15, 2026 → June 5, 2026",,Low,FE (PROJECT%20BOOKSTORE%20MANAGEMENT/BOOKSTORE%20MANAGEMENT%20PROJECT/FE%203190660111238173bacecef41942d651.md),"Design UI for Absent employee Management (PROJECT%20BOOKSTORE%20MANAGEMENT/Tasks/Design%20UI%20for%20Absent%20employee%20Management%209820660111238263a2390164f8b0fbd6.md), Call api for this feature (PROJECT%20BOOKSTORE%20MANAGEMENT/Tasks/Call%20api%20for%20this%20feature%20292066011123822cb5b801fdb82c6d7e.md), Approve Absent to make change status (PROJECT%20BOOKSTORE%20MANAGEMENT/Tasks/Approve%20Absent%20to%20make%20change%20status%2037c0660111238004ae67db3a2a9a3a46.md)",Design
Design UI for Absent employee Management,Done,Trung Lê Hữu,,,"March 4, 2026 → May 30, 2026",FEATURE Absent Management (PROJECT%20BOOKSTORE%20MANAGEMENT/Tasks/FEATURE%20Absent%20Management%2050406601112383d19c7b81ef75bf0f6e.md),High,FE (PROJECT%20BOOKSTORE%20MANAGEMENT/BOOKSTORE%20MANAGEMENT%20PROJECT/FE%203190660111238173bacecef41942d651.md),,App
Call api for this feature,Done,Trung Lê Hữu,,,"March 4, 2026 → May 30, 2026",FEATURE Absent Management (PROJECT%20BOOKSTORE%20MANAGEMENT/Tasks/FEATURE%20Absent%20Management%2050406601112383d19c7b81ef75bf0f6e.md),High,FE (PROJECT%20BOOKSTORE%20MANAGEMENT/BOOKSTORE%20MANAGEMENT%20PROJECT/FE%203190660111238173bacecef41942d651.md),,App
Approve Absent to make change status,Done,Trung Lê Hữu,,,"March 4, 2026 → May 30, 2026",FEATURE Absent Management (PROJECT%20BOOKSTORE%20MANAGEMENT/Tasks/FEATURE%20Absent%20Management%2050406601112383d19c7b81ef75bf0f6e.md),High,FE (PROJECT%20BOOKSTORE%20MANAGEMENT/BOOKSTORE%20MANAGEMENT%20PROJECT/FE%203190660111238173bacecef41942d651.md),,App
Set up some KEY_WORKS for project need to change,Done,Huỳnh Gia Thịnh,,,"May 15, 2026 → June 5, 2026",FEATURE: Regulation management (PROJECT%20BOOKSTORE%20MANAGEMENT/Tasks/FEATURE%20Regulation%20management%2037c0660111238072a486d905ae5767bf.md),High,FE (PROJECT%20BOOKSTORE%20MANAGEMENT/BOOKSTORE%20MANAGEMENT%20PROJECT/FE%203190660111238173bacecef41942d651.md),,Design
Call API to set up,Done,Huỳnh Gia Thịnh,,,"May 15, 2026 → June 5, 2026",FEATURE: Regulation management (PROJECT%20BOOKSTORE%20MANAGEMENT/Tasks/FEATURE%20Regulation%20management%2037c0660111238072a486d905ae5767bf.md),High,FE (PROJECT%20BOOKSTORE%20MANAGEMENT/BOOKSTORE%20MANAGEMENT%20PROJECT/FE%203190660111238173bacecef41942d651.md),,Design
Design basic UI,Done,Huỳnh Gia Thịnh,,,,FEATURE: Regulation management (PROJECT%20BOOKSTORE%20MANAGEMENT/Tasks/FEATURE%20Regulation%20management%2037c0660111238072a486d905ae5767bf.md),,FE (PROJECT%20BOOKSTORE%20MANAGEMENT/BOOKSTORE%20MANAGEMENT%20PROJECT/FE%203190660111238173bacecef41942d651.md),,
API: Reuglation,Done,Huỳnh Gia Thịnh,,,"May 15, 2026 → June 5, 2026",,High,BE (PROJECT%20BOOKSTORE%20MANAGEMENT/BOOKSTORE%20MANAGEMENT%20PROJECT/BE%20319066011123807380d2d5ce89386cad.md),,"API, App"
API: Shift Management,Done,Trương Tiến,,,"May 15, 2026 → June 5, 2026",,Low,BE (PROJECT%20BOOKSTORE%20MANAGEMENT/BOOKSTORE%20MANAGEMENT%20PROJECT/BE%20319066011123807380d2d5ce89386cad.md),,"API, App"
API: Payroll Management,Done,Trương Tiến,,,"May 15, 2026 → June 5, 2026",,Low,BE (PROJECT%20BOOKSTORE%20MANAGEMENT/BOOKSTORE%20MANAGEMENT%20PROJECT/BE%20319066011123807380d2d5ce89386cad.md),,"API, App"
API: Absent Employee Management,Done,Trương Tiến,,,"May 15, 2026 → June 5, 2026",,Low,BE (PROJECT%20BOOKSTORE%20MANAGEMENT/BOOKSTORE%20MANAGEMENT%20PROJECT/BE%20319066011123807380d2d5ce89386cad.md),,"API, App"
SRS + Thiết kế cơ sở dữ liệu & sơ đồ lớp,Done,Huỳnh Gia Thịnh,,,"May 25, 2026 → June 10, 2026",,High,Report documentation (PROJECT%20BOOKSTORE%20MANAGEMENT/BOOKSTORE%20MANAGEMENT%20PROJECT/Report%20documentation%2037c06601112380a5974ee8e69926a11e.md),,Docs
Introduction + UI design,Done,Trung Lê Hữu,,,"May 25, 2026 → June 10, 2026",,High,Report documentation (PROJECT%20BOOKSTORE%20MANAGEMENT/BOOKSTORE%20MANAGEMENT%20PROJECT/Report%20documentation%2037c06601112380a5974ee8e69926a11e.md),,Docs
System design & Software Design,Done,Đơn Thuần,,,"May 25, 2026 → June 10, 2026",,High,Report documentation (PROJECT%20BOOKSTORE%20MANAGEMENT/BOOKSTORE%20MANAGEMENT%20PROJECT/Report%20documentation%2037c06601112380a5974ee8e69926a11e.md),,Docs
Realistic & Conclusion,Done,Trương Tiến,,,"May 25, 2026 → June 10, 2026",,High,Report documentation (PROJECT%20BOOKSTORE%20MANAGEMENT/BOOKSTORE%20MANAGEMENT%20PROJECT/Report%20documentation%2037c06601112380a5974ee8e69926a11e.md),,Docs
Testing & Implementation,Done,Win Pear,,,"May 25, 2026 → June 10, 2026",,High,Report documentation (PROJECT%20BOOKSTORE%20MANAGEMENT/BOOKSTORE%20MANAGEMENT%20PROJECT/Report%20documentation%2037c06601112380a5974ee8e69926a11e.md),,Docs
PPT about Project + Demo,Done,Huỳnh Gia Thịnh,,,"May 25, 2026 → June 10, 2026",,High,Report documentation (PROJECT%20BOOKSTORE%20MANAGEMENT/BOOKSTORE%20MANAGEMENT%20PROJECT/Report%20documentation%2037c06601112380a5974ee8e69926a11e.md),,Docs